﻿--
-- Script was generated by Devart dbForge Studio for MySQL, Version 8.0.40.0
-- Product home page: http://www.devart.com/dbforge/mysql/studio
-- Script date 09/06/2024 22:24:27
-- Server version: 5.5.5-10.1.40-MariaDB
-- Client version: 4.1
--

-- 
-- Disable foreign keys
-- 
/*!40014 SET @OLD_FOREIGN_KEY_CHECKS=@@FOREIGN_KEY_CHECKS, FOREIGN_KEY_CHECKS=0 */;

-- 
-- Set SQL mode
-- 
/*!40101 SET @OLD_SQL_MODE=@@SQL_MODE, SQL_MODE='NO_AUTO_VALUE_ON_ZERO' */;

-- 
-- Set character set the client will use to send SQL statements to the server
--
SET NAMES 'utf8';

DROP DATABASE IF EXISTS danzacfc;

CREATE DATABASE IF NOT EXISTS danzacfc
CHARACTER SET latin1
COLLATE latin1_swedish_ci;

--
-- Set default database
--
USE danzacfc;

--
-- Create table `niveles`
--
CREATE TABLE IF NOT EXISTS niveles (
  color varchar(15) NOT NULL,
  PRIMARY KEY (color)
)
ENGINE = INNODB,
AVG_ROW_LENGTH = 4096,
CHARACTER SET latin1,
COLLATE latin1_swedish_ci;

--
-- Create table `alumnos`
--
CREATE TABLE IF NOT EXISTS alumnos (
  codigo char(5) NOT NULL,
  nombre_y_apellidos varchar(50) DEFAULT NULL,
  fecha_nacimiento date DEFAULT NULL,
  fecha_ingreso date DEFAULT NULL,
  celula varchar(20) DEFAULT NULL,
  color_nivel varchar(15) DEFAULT NULL,
  PRIMARY KEY (codigo)
)
ENGINE = INNODB,
AVG_ROW_LENGTH = 546,
CHARACTER SET latin1,
COLLATE latin1_swedish_ci;

--
-- Create foreign key
--
ALTER TABLE alumnos
ADD CONSTRAINT fk_alumnos_niveles FOREIGN KEY (color_nivel)
REFERENCES niveles (color);

--
-- Create table `telefonos`
--
CREATE TABLE IF NOT EXISTS telefonos (
  id int(11) NOT NULL AUTO_INCREMENT,
  codigo_alum char(5) DEFAULT NULL,
  telefono varchar(20) DEFAULT NULL,
  PRIMARY KEY (id)
)
ENGINE = INNODB,
AUTO_INCREMENT = 42,
AVG_ROW_LENGTH = 455,
CHARACTER SET latin1,
COLLATE latin1_swedish_ci;

--
-- Create index `uk_telefono_alumnos` on table `telefonos`
--
ALTER TABLE telefonos
ADD UNIQUE INDEX uk_telefono_alumnos (codigo_alum, telefono);

--
-- Create foreign key
--
ALTER TABLE telefonos
ADD CONSTRAINT fk_telefonos_alumnos FOREIGN KEY (codigo_alum)
REFERENCES alumnos (codigo);

--
-- Create table `instrumentos`
--
CREATE TABLE IF NOT EXISTS instrumentos (
  codigo int(11) NOT NULL AUTO_INCREMENT,
  nombre varchar(20) DEFAULT NULL,
  PRIMARY KEY (codigo)
)
ENGINE = INNODB,
AUTO_INCREMENT = 7,
AVG_ROW_LENGTH = 2730,
CHARACTER SET latin1,
COLLATE latin1_swedish_ci;

--
-- Create table `utilizan`
--
CREATE TABLE IF NOT EXISTS utilizan (
  id int(11) NOT NULL AUTO_INCREMENT,
  codigo_alum char(5) DEFAULT NULL,
  codigo_ins int(11) DEFAULT NULL,
  PRIMARY KEY (id)
)
ENGINE = INNODB,
AUTO_INCREMENT = 31,
AVG_ROW_LENGTH = 546,
CHARACTER SET latin1,
COLLATE latin1_swedish_ci;

--
-- Create index `uk_alumnos_instrumentos` on table `utilizan`
--
ALTER TABLE utilizan
ADD UNIQUE INDEX uk_alumnos_instrumentos (codigo_alum, codigo_ins);

--
-- Create foreign key
--
ALTER TABLE utilizan
ADD CONSTRAINT fk_utilizan_alumnos FOREIGN KEY (codigo_alum)
REFERENCES alumnos (codigo);

--
-- Create foreign key
--
ALTER TABLE utilizan
ADD CONSTRAINT fk_utilizan_instrumentos FOREIGN KEY (codigo_ins)
REFERENCES instrumentos (codigo);

--
-- Create table `pasos`
--
CREATE TABLE IF NOT EXISTS pasos (
  codigo int(11) NOT NULL AUTO_INCREMENT,
  nombre varchar(20) DEFAULT NULL,
  cita_biblica varchar(50) DEFAULT NULL,
  imagen varchar(50) DEFAULT NULL,
  video varchar(50) DEFAULT NULL,
  codigo_ins int(11) DEFAULT NULL,
  PRIMARY KEY (codigo)
)
ENGINE = INNODB,
AUTO_INCREMENT = 30,
AVG_ROW_LENGTH = 585,
CHARACTER SET latin1,
COLLATE latin1_swedish_ci;

--
-- Create foreign key
--
ALTER TABLE pasos
ADD CONSTRAINT fk_pasos_instrumentos FOREIGN KEY (codigo_ins)
REFERENCES instrumentos (codigo);

--
-- Create table `aprenden`
--
CREATE TABLE IF NOT EXISTS aprenden (
  id int(11) NOT NULL AUTO_INCREMENT,
  color_nivel varchar(15) DEFAULT NULL,
  codigo_pasos int(11) DEFAULT NULL,
  PRIMARY KEY (id)
)
ENGINE = INNODB,
AUTO_INCREMENT = 31,
AVG_ROW_LENGTH = 546,
CHARACTER SET latin1,
COLLATE latin1_swedish_ci;

--
-- Create index `uk_niveles_pasos` on table `aprenden`
--
ALTER TABLE aprenden
ADD UNIQUE INDEX uk_niveles_pasos (color_nivel, codigo_pasos);

--
-- Create foreign key
--
ALTER TABLE aprenden
ADD CONSTRAINT fk_aprenden_niveles FOREIGN KEY (color_nivel)
REFERENCES niveles (color);

--
-- Create foreign key
--
ALTER TABLE aprenden
ADD CONSTRAINT fk_aprenden_pasos FOREIGN KEY (codigo_pasos)
REFERENCES pasos (codigo);

--
-- Create table `maestros`
--
CREATE TABLE IF NOT EXISTS maestros (
  codigo char(5) NOT NULL,
  nombre_y_apellidos varchar(50) DEFAULT NULL,
  fecha_nacimiento date DEFAULT NULL,
  agno_graduacion int(11) DEFAULT NULL,
  celula varchar(20) DEFAULT NULL,
  telefono varchar(20) DEFAULT NULL,
  PRIMARY KEY (codigo)
)
ENGINE = INNODB,
AVG_ROW_LENGTH = 546,
CHARACTER SET latin1,
COLLATE latin1_swedish_ci;

--
-- Create table `ensenan`
--
CREATE TABLE IF NOT EXISTS ensenan (
  id int(11) NOT NULL AUTO_INCREMENT,
  color_nivel varchar(15) DEFAULT NULL,
  codigo_ma char(5) DEFAULT NULL,
  rol varchar(20) DEFAULT NULL,
  PRIMARY KEY (id)
)
ENGINE = INNODB,
AUTO_INCREMENT = 31,
AVG_ROW_LENGTH = 546,
CHARACTER SET latin1,
COLLATE latin1_swedish_ci;

--
-- Create index `uk_niveles_maestros` on table `ensenan`
--
ALTER TABLE ensenan
ADD UNIQUE INDEX uk_niveles_maestros (color_nivel, codigo_ma);

--
-- Create foreign key
--
ALTER TABLE ensenan
ADD CONSTRAINT fk_ensenan_maestros FOREIGN KEY (codigo_ma)
REFERENCES maestros (codigo);

--
-- Create foreign key
--
ALTER TABLE ensenan
ADD CONSTRAINT fk_ensenan_niveles FOREIGN KEY (color_nivel)
REFERENCES niveles (color);

-- 
-- Dumping data for table niveles
--
INSERT INTO niveles VALUES
('Azul'),
('Blanco'),
('Rojo'),
('Rosa');

-- 
-- Dumping data for table instrumentos
--
INSERT INTO instrumentos VALUES
(1, 'Abanico'),
(2, 'Pandero'),
(3, 'Manto Bandera'),
(4, 'Cinta'),
(5, 'Tabroi'),
(6, 'Banderas');

-- 
-- Dumping data for table alumnos
--
INSERT INTO alumnos VALUES
('01SE7', 'Ana Langhof', '2006-03-23', '2022-07-06', 'Génesis', 'Rojo'),
('0384S', 'Sara euner', '1985-11-09', '2021-04-29', 'Génesis', 'Blanco'),
('061A2', 'Marcela chlechter', '1986-03-09', '2020-01-04', 'Dios sin límites', 'Rojo'),
('0N7B6', 'Valentina Seidemann', '1985-03-24', '2020-11-01', 'Dios sin límites', 'Blanco'),
('115I0', 'Belén Dörner', '2001-03-06', '2021-09-30', 'Génesis', 'Rosa'),
('1MBW5', 'Sara ünz', '1985-03-05', '2022-12-02', 'Ebenezer', 'Azul'),
('30U77', 'Larisa Lorenz', '1990-04-25', '2020-01-08', 'Atalaya', 'Azul'),
('4I3SU', 'Ana Felder', '2001-10-30', '2020-02-20', 'Más que vencedores', 'Azul'),
('64W2K', 'Gaela Glauber', '2009-01-21', '2020-02-25', 'Dios sin límites', 'Azul'),
('6USR2', 'Lauren Gertz', '1985-09-22', '2022-05-17', 'Youth Teams', 'Rojo'),
('6XF99', 'Adriana Bohnke', '2013-05-03', '2023-03-22', 'Piedra viva', 'Azul'),
('70G22', 'Sara Heitsch', '2016-06-23', '2020-10-27', 'Atalaya', 'Rosa'),
('71V37', 'Danna Hackl', '1985-01-05', '2022-10-09', 'Más que vencedores', 'Azul'),
('76493', 'Marcela Horkheimer', '1992-09-07', '2021-07-03', 'Ebenezer', 'Blanco'),
('8C08C', 'Abigail Bohrmann', '1995-10-12', '2023-07-14', 'Atalaya', 'Rosa'),
('8K2Y8', 'Belén Grabbe', '1991-03-30', '2022-11-13', 'Dios sin límites', 'Azul'),
('90841', 'Belén Klug', '1985-03-29', '2023-09-14', 'Emanuel', 'Rosa'),
('92H72', 'Paula ritzel', '1987-07-31', '2020-04-16', 'Judá', 'Blanco'),
('9U8S6', 'Gaela Bilderling', '2016-08-29', '2020-01-05', 'Atalaya', 'Rojo'),
('C4420', 'Abigail Guggenberger', '2001-10-09', '2021-05-03', 'Ebenezer', 'Azul'),
('D5K2E', 'Michelle Fischnaller', '1985-04-08', '2023-10-18', 'Ebenezer', 'Rosa'),
('EYHH9', 'Amy Braunfels', '2000-06-26', '2021-08-26', 'Piedra viva', 'Blanco'),
('I7FI3', 'Michelle alemann', '2002-02-24', '2020-04-03', 'Ebenezer', 'Blanco'),
('K3TIQ', 'Nayibe Maler', '2013-08-29', '2022-06-06', 'Judá', 'Rosa'),
('NQQ28', 'Paula Etinger', '1999-11-29', '2021-07-27', 'Dios sin límites', 'Rojo'),
('PIAA5', 'Adriana Danziger', '2012-04-12', '2022-12-10', 'Edificando', 'Blanco'),
('PL06Q', 'Adriana Appel', '2008-04-07', '2023-09-25', 'Judá', 'Blanco'),
('TROS1', 'Valentina Kolbe', '1989-06-06', '2022-09-01', 'Atalaya', 'Rosa'),
('U8S58', 'Marcela Simmel', '2016-12-05', '2023-05-19', 'Youth Teams', 'Azul'),
('X1297', 'Sara Adler', '1985-01-01', '2020-11-03', 'Génesis', 'Blanco');

-- 
-- Dumping data for table maestros
--
INSERT INTO maestros VALUES
('15KP0', 'Fidelina Hamilton', '2002-05-13', 2022, 'Atalaya', '+34632318090'),
('16OMC', 'Helena Canty', '1981-09-04', 2022, 'Más que vencedores', '+34663420844'),
('216Z8', 'Keyla Mccue', '2004-07-06', 2022, 'Ebenezer', '+34615235605'),
('2TCST', 'Paola Castle', '2001-05-21', 2015, 'Más que vencedores', '+34613264361'),
('30958', 'Sandra Angulo', '1980-01-03', 2022, 'Más que vencedores', '+34606611914'),
('361P2', 'Angela Bible', '1987-12-12', 2004, 'Youth Teams', '+34706673759'),
('3F6NU', 'Angelina Farrar', '1980-01-01', 2021, 'Génesis', '+34658930345'),
('3J6I3', 'Alejandra Abel', '1999-06-25', 2016, 'Más que vencedores', '+34724967367'),
('47DWV', 'Helena Ackerman', '2000-05-26', 2018, 'Piedra viva', '+34712977151'),
('4LN4A', 'Yanilsi Oconnor', '1984-09-04', 2007, 'Piedra viva', '+34750348760'),
('7YSU1', 'Betsabé Akin', '2001-02-24', 2002, 'Génesis', '+34646069760'),
('7Z421', 'Jennifer Massie', '2003-02-13', 2019, 'Edificando', '+34782277248'),
('8168I', 'Betsabé Anaya', '1994-07-01', 2016, 'Dios sin límites', '+34680454954'),
('85QYN', 'Lucía Bolen', '1986-03-26', 2012, 'Judá', '+34753946714'),
('9FR33', 'Natalia Garrett', '1982-09-11', 2004, 'Piedra viva', '+34605465173'),
('BP1Z6', 'Alison Schroeder', '2003-09-23', 2004, 'Youth Teams', '+34614447188'),
('D392M', 'Yanilsi Ness', '1980-03-05', 2011, 'Génesis', '+34605220099'),
('ECKY8', 'Danca Simone', '1981-07-28', 2001, 'Judá', '+34663442721'),
('GUIIB', 'Betsabé Norton', '1980-11-05', 2021, 'Judá', '+34755080185'),
('GWC4V', 'Natalia Wirth', '1985-01-25', 2017, 'Atalaya', '+34675230067'),
('J56A8', 'Rosa Alley', '1991-02-13', 2019, 'Dios sin límites', '+34775248208'),
('M048Y', 'Paola Draper', '1997-04-10', 2002, 'Más que vencedores', '+34697341958'),
('O0K18', 'Rosa Abreu', '1982-11-07', 2021, 'Más que vencedores', '+34605807585'),
('Q729G', 'Saraí Kelsey', '2004-05-27', 2014, 'Más que vencedores', '+34610527656'),
('SW95W', 'Cristina Adamson', '2002-02-26', 2009, 'Dios sin límites', '+34655495239'),
('U02T3', 'Angelina Soliz', '1994-01-26', 2014, 'Emanuel', '+34780465615'),
('V53RD', 'Nora Addison', '1991-04-15', 2017, 'Piedra viva', '+34623525376'),
('X459W', 'Daysi Abraham', '2002-06-05', 2012, 'Dios sin límites', '+34644006826'),
('XF549', 'Sandra Colbert', '1980-03-08', 2015, 'Youth Teams', '+34603058852'),
('ZUW89', 'Paola Bellamy', '1980-01-09', 2000, 'Atalaya', '+34620752066');

-- 
-- Dumping data for table pasos
--
INSERT INTO pasos VALUES
(1, 'Fe', 'Marcos 5:3', 'imagen1.jpg', 'video31.webm', 1),
(2, 'Evangelio completo', '1 Corintios 11:5', 'imagen2.jpg', 'video3.webm', 2),
(3, 'Alabanza', 'Lucas 7:67', 'imagen3.jpg', 'video62.webm', 3),
(4, 'Gozo', '1 Samuel 7:5', 'imagen4.jpg', 'video24.webm', 6),
(5, 'Mas que vencedor', 'Romanos 6:42', 'imagen5.jpg', 'video21.webm', 2),
(6, 'Celestial', 'Ruth 3:1', 'imagen8.jpg', 'video13.webm', 6),
(7, 'Alegría', 'Romanos 8:8', 'imagen37.jpg', 'video52.webm', 1),
(8, 'Escudo', 'Marcos 9:13', 'imagen94.jpg', 'video43.webm', 3),
(9, 'Pacto', 'Romanos 8:49', 'imagen26.jpg', 'video13.webm', 5),
(10, 'Júbilo', 'Hechos 84:89', 'imagen38.jpg', 'video3.webm', 1),
(11, 'Fortaleza', '2 Samuel 5:1', 'imagen51.jpg', 'video23.webm', 3),
(12, 'Poder', 'Ruth 1:12', 'imagen6.jpg', 'video26.webm', 3),
(13, 'Candelabro', 'Deuteronomio 22:87', 'imagen74.jpg', 'video2.webm', 5),
(14, 'Diadema', 'Deuteronomio 2:57', 'imagen69.jpg', 'video2.webm', 4),
(15, 'Hombro', 'Marcos 74:13', 'imagen42.jpg', 'video3.webm', 4),
(16, 'Candelero', '2 Reyes 36:88', 'imagen91.jpg', 'video31.webm', 5),
(17, 'Vida', 'Mateo 42:57', 'imagen63.jpg', 'video40.webm', 5),
(18, 'Regocijo', 'Hechos 11:87', 'imagen15.jpg', 'video1.webm', 4),
(19, 'Marcha', '1 Corintios 95:15', 'imagen28.jpg', 'video5.webm', 5),
(20, 'Bandera', 'Mateo 81:88', 'imagen89.jpg', 'video61.webm', 3),
(21, 'Protección', 'Marcos 7:3', 'imagen9.jpg', 'video34.webm', 2),
(22, 'Los hechos', '1 Corintios 67:53', 'imagen54.jpg', 'video24.webm', 3),
(23, 'Gloria', 'Deuteronomio 99:11', 'imagen4.jpg', 'video53.webm', 4),
(24, 'Exaltación', '1 Corintios 89:58', 'imagen95.jpg', 'video65.webm', 4),
(25, 'Hossana', 'Romanos 8:5', 'imagen86.jpg', 'video23.webm', 2),
(26, 'Combate', 'Josue 52:31', 'imagen24.jpg', 'video52.webm', 5),
(27, 'Trinidad', 'Josue 8:3', 'imagen5.jpg', 'video41.webm', 5),
(28, 'Esperanza', '1 Samuel 1:67', 'imagen3.jpg', 'video16.webm', 1),
(29, 'Leon de Judá', '1 Corintios 13:4', 'imagen1.jpg', 'video24.webm', 3);

-- 
-- Dumping data for table utilizan
--
INSERT INTO utilizan VALUES
(14, '01SE7', 2),
(20, '01SE7', 3),
(30, '01SE7', 4),
(10, '01SE7', 5),
(23, '01SE7', 6),
(11, '061A2', 1),
(1, '1MBW5', 5),
(22, '1MBW5', 6),
(3, '30U77', 1),
(12, '30U77', 2),
(7, '30U77', 3),
(8, '64W2K', 1),
(21, '64W2K', 2),
(28, '76493', 1),
(6, '76493', 2),
(18, '76493', 3),
(9, '76493', 4),
(16, 'K3TIQ', 3),
(29, 'K3TIQ', 4),
(4, 'K3TIQ', 5),
(17, 'K3TIQ', 6),
(13, 'PIAA5', 6),
(26, 'TROS1', 1),
(2, 'TROS1', 2),
(27, 'TROS1', 3),
(5, 'TROS1', 4),
(19, 'TROS1', 5),
(24, 'U8S58', 4),
(15, 'U8S58', 5),
(25, 'U8S58', 6);

-- 
-- Dumping data for table telefonos
--
INSERT INTO telefonos VALUES
(23, '01SE7', '+34674405879'),
(35, '01SE7', '132435467'),
(38, '01SE7', '34567644'),
(40, '01SE7', '454365675334'),
(26, '0384S', '+34701926452'),
(36, '0384S', '14236985'),
(11, '061A2', '+34704285772'),
(2, '0N7B6', '+34611747103'),
(10, '115I0', '+34690005645'),
(18, '1MBW5', '+34671645549'),
(7, '30U77', '+34702077970'),
(31, '30U77', '604827920'),
(22, '4I3SU', '+34605261225'),
(21, '64W2K', '+34717831151'),
(1, '6USR2', '+34780064932'),
(28, '6XF99', '+34683169679'),
(29, '70G22', '+34752333767'),
(17, '71V37', '+34665458204'),
(9, '76493', '+34765946214'),
(30, '8C08C', '+34729983991'),
(16, '8K2Y8', '+34604649119'),
(24, '90841', '+34623159024'),
(25, '92H72', '+34642477631'),
(3, '9U8S6', '+34762980487'),
(4, 'C4420', '+34631743180'),
(13, 'D5K2E', '+34678958108'),
(20, 'EYHH9', '+34666037307'),
(14, 'I7FI3', '+34695742589'),
(8, 'K3TIQ', '+34646963491'),
(15, 'NQQ28', '+34714302066'),
(5, 'PIAA5', '+34740069496'),
(27, 'PL06Q', '+34799767108'),
(19, 'TROS1', '+34673548912'),
(12, 'U8S58', '+34614820960'),
(6, 'X1297', '+34683922441');

-- 
-- Dumping data for table ensenan
--
INSERT INTO ensenan VALUES
(1, 'Rosa', '361P2', 'Descanso'),
(2, 'Blanco', '361P2', 'Auxiliar'),
(3, 'Rosa', 'XF549', 'Auxiliar'),
(4, 'Rosa', 'ECKY8', 'Maestra'),
(5, 'Azul', 'XF549', 'Alumna'),
(6, 'Azul', 'ECKY8', 'Descanso'),
(7, 'Rojo', 'V53RD', 'Descanso'),
(8, 'Rojo', 'XF549', 'Auxiliar'),
(9, 'Blanco', 'XF549', 'Maestra'),
(10, 'Rojo', 'ECKY8', 'Maestra'),
(11, 'Rosa', '15KP0', 'Alumna'),
(12, 'Blanco', 'ECKY8', 'Descanso'),
(13, 'Azul', 'U02T3', 'Alumna'),
(14, 'Azul', '361P2', 'Alumna'),
(15, 'Rojo', '361P2', 'Auxiliar'),
(16, 'Rojo', 'U02T3', 'Descanso'),
(17, 'Blanco', 'X459W', 'Alumna'),
(18, 'Rosa', 'V53RD', 'Alumna'),
(19, 'Rosa', 'GUIIB', 'Alumna'),
(20, 'Rosa', 'X459W', 'Auxiliar'),
(21, 'Azul', 'GUIIB', 'Maestra'),
(22, 'Blanco', 'U02T3', 'Descanso'),
(23, 'Azul', 'V53RD', 'Alumna'),
(24, 'Blanco', '3J6I3', 'Descanso'),
(25, 'Azul', 'X459W', 'Alumna'),
(26, 'Rosa', 'J56A8', 'Alumna'),
(27, 'Rojo', 'X459W', 'Descanso'),
(28, 'Rojo', 'J56A8', 'Descanso'),
(29, 'Azul', 'J56A8', 'Descanso'),
(30, 'Blanco', 'J56A8', 'Alumna');

-- 
-- Dumping data for table aprenden
--
INSERT INTO aprenden VALUES
(21, 'Azul', 2),
(23, 'Azul', 3),
(5, 'Azul', 4),
(6, 'Azul', 5),
(25, 'Azul', 6),
(29, 'Azul', 7),
(14, 'Azul', 8),
(13, 'Azul', 9),
(9, 'Blanco', 4),
(12, 'Blanco', 5),
(17, 'Blanco', 6),
(30, 'Blanco', 7),
(2, 'Blanco', 8),
(22, 'Blanco', 9),
(24, 'Blanco', 10),
(7, 'Rojo', 3),
(8, 'Rojo', 4),
(10, 'Rojo', 5),
(27, 'Rojo', 6),
(28, 'Rojo', 7),
(15, 'Rojo', 8),
(16, 'Rojo', 9),
(11, 'Rosa', 1),
(19, 'Rosa', 2),
(18, 'Rosa', 3),
(3, 'Rosa', 4),
(4, 'Rosa', 5),
(20, 'Rosa', 6),
(26, 'Rosa', 7),
(1, 'Rosa', 8);

-- 
-- Restore previous SQL mode
-- 
/*!40101 SET SQL_MODE=@OLD_SQL_MODE */;

-- 
-- Enable foreign keys
-- 
/*!40014 SET FOREIGN_KEY_CHECKS = @OLD_FOREIGN_KEY_CHECKS */;